Sample_ID,Year,Band_ID,AgeClass,Sex,Mass,BreedingStage,L1,L2,L3,H1,H2,H3,P1,P2,P3,L_GenBank,H_GenBank,P_GenBank
EMGO AK06 001,2006,78239,AHY,F,1578,Nesting,0,0,0,0,0,0,0,0,0,,,
EMGO AK06 002,2006,78238,AHY,F,1598,Nesting,0,0,0,0,0,0,0,0,0,,,
EMGO AK06 003,2006,78224,AHY,F,1759,Nesting,0,0,0,0,0,0,0,0,0,,,
EMGO AK06 004,2006,78232,AHY,F,1652,Nesting,0,0,0,0,0,0,0,0,0,,,
EMGO AK06 005,2006,78223,AHY,F,1590,Nesting,0,0,0,0,0,0,0,0,0,,,
EMGO AK06 006,2006,78235,AHY,F,1647,Nesting,1,0,0,0,0,0,0,0,0,MW960783,,
EMGO AK06 007,2006,78240,AHY,F,1770,Nesting,0,0,0,0,0,0,0,0,0,,,
EMGO AK06 008,2006,78217,AHY,F,1720,Nesting,0,0,0,0,0,0,0,0,0,,,
EMGO AK06 009,2006,78226,AHY,F,1663,Nesting,0,0,0,0,0,0,0,0,0,,,
EMGO AK06 010,2006,78222,AHY,F,1937,Nesting,0,0,0,0,0,0,0,0,0,,,
EMGO AK06 011,2006,78208,AHY,F,1660,Nesting,0,0,0,0,0,0,0,0,0,,,
EMGO AK06 012,2006,78234,AHY,F,1768,Nesting,0,0,0,0,0,0,0,0,0,,,
EMGO AK06 013,2006,78203,AHY,F,1995,Nesting,0,0,0,0,0,0,0,0,0,,,
EMGO AK06 014,2006,78214,AHY,F,1823,Nesting,0,0,0,0,0,0,0,0,0,,,
EMGO AK06 015,2006,78231,AHY,F,1654,Nesting,0,0,0,0,0,0,0,0,0,,,
EMGO AK06 016,2006,78213,AHY,F,1670,Nesting,0,0,0,0,0,0,0,0,0,,,
EMGO AK06 017,2006,78210,AHY,F,1752,Nesting,0,0,0,0,0,0,0,0,0,,,
EMGO AK06 018,2006,78237,AHY,F,1660,Nesting,0,0,0,0,0,0,0,0,0,,,
EMGO AK06 019,2006,78202,AHY,F,1649,Nesting,0,0,0,0,0,0,0,0,0,,,
EMGO AK06 020,2006,78216,AHY,F,1734,Nesting,0,0,0,0,0,0,0,0,0,,,
EMGO AK06 021,2006,57552,AHY,F,1592,Nesting,0,0,0,0,0,0,0,0,0,,,
EMGO AK06 022,2006,57228,AHY,F,1622,Nesting,0,0,0,0,0,0,0,0,0,,,
EMGO AK06 023,2006,78204,AHY,F,1665,Nesting,0,0,0,0,0,0,0,0,0,,,
EMGO AK06 024,2006,78236,AHY,F,1738,Nesting,0,0,0,0,0,0,0,0,0,,,
EMGO AK06 025,2006,78206,AHY,F,1593,Nesting,1,0,0,0,0,0,0,0,0,mixed,,
EMGO AK06 026,2006,78211,AHY,F,1830,Nesting,1,0,0,0,0,0,0,0,0,"MW960832, MW960887",,
EMGO AK06 027,2006,78215,AHY,F,1719,Nesting,0,0,0,0,0,0,0,0,0,,,
EMGO AK06 028,2006,78227,AHY,F,1537,Nesting,0,0,0,0,0,0,0,0,0,,,
EMGO AK07 001,2007,57606,AHY,F,1714,Nesting,0,0,0,0,0,0,0,0,0,,,
EMGO AK07 002,2007,78473,AHY,F,1860,Nesting,0,0,0,0,0,0,0,0,0,,,
EMGO AK07 003,2007,94204,AHY,F,1450,Nesting,1,1,1,0,0,0,0,0,0,MW960784,,
EMGO AK07 004,2007,78701,AHY,F,1735,Nesting,0,0,0,0,0,0,0,0,0,,,
EMGO AK07 005,2007,26088,AHY,F,1611,Nesting,0,0,0,0,0,0,0,0,0,,,
EMGO AK07 006,2007,78742,AHY,F,1435,Nesting,0,0,0,0,0,0,0,0,0,,,
EMGO AK07 007,2007,57031,AHY,F,1490,Nesting,0,0,0,0,0,0,0,0,0,,,
EMGO AK07 008,2007,78707,AHY,F,1755,Nesting,0,1,1,0,0,0,0,0,0,"MW960833, MW960888",,
EMGO AK07 009,2007,56952,AHY,F,1985,Nesting,0,0,0,0,0,0,0,0,0,,,
EMGO AK07 010,2007,57519,AHY,F,1609,Nesting,0,0,0,0,0,0,0,0,0,,,
EMGO AK07 011,2007,57616,AHY,F,1768,Nesting,0,0,0,0,0,0,0,0,0,,,
EMGO AK07 012,2007,78712,AHY,F,1732,Nesting,0,0,0,0,0,0,0,0,0,,,
EMGO AK07 013,2007,26095,AHY,F,1672,Nesting,0,0,0,0,0,0,0,0,0,,,
EMGO AK07 014,2007,78237,AHY,F,1696,Nesting,0,0,0,0,0,0,0,0,0,,,
EMGO AK07 015,2007,78232,AHY,F,1724,Nesting,1,0,0,0,0,0,0,0,0,MW960889,,
EMGO AK07 016,2007,78713,AHY,F,1608,Nesting,0,0,0,0,0,0,0,0,0,,,
EMGO AK07 017,2007,78721,AHY,F,1534,Nesting,0,0,0,0,0,0,0,0,0,,,
EMGO AK07 018,2007,57656,AHY,F,1651,Nesting,0,0,0,0,0,0,0,0,0,,,
EMGO AK07 019,2007,26090,AHY,F,1661,Nesting,0,0,0,0,0,0,0,0,0,,,
EMGO AK07 020,2007,57630,AHY,F,1675,Nesting,0,0,0,0,0,0,0,0,0,,,
EMGO AK07 021,2007,78730,AHY,F,1968,Nesting,0,0,0,0,0,0,0,0,0,,,
EMGO AK07 022,2007,78728,AHY,F,1380,Nesting,0,0,0,0,0,0,0,0,0,,,
EMGO AK07 023,2007,78722,AHY,F,1578,Nesting,0,0,0,0,0,0,0,0,0,,,
EMGO AK07 024,2007,78724,AHY,F,1555,Nesting,0,0,0,0,0,0,0,0,0,,,
EMGO AK07 025,2007,04509,AHY,F,1821,Nesting,1,1,1,0,0,0,0,0,0,"MW960834, MW960890",,
EMGO AK07 026,2007,78726,AHY,F,1888,Nesting,0,0,0,0,0,0,0,0,0,,,
EMGO AK07 027,2007,56985,AHY,F,1708,Nesting,0,0,0,0,0,0,0,0,0,,,
EMGO AK07 028,2007,78477,AHY,F,1701,Nesting,1,1,1,0,0,0,0,0,0,"MW960835, MW960891",,
EMGO AK07 029,2007,78729,AHY,F,1646,Nesting,0,0,0,0,0,0,0,0,0,,,
EMGO AK07 030,2007,68723,AHY,F,1808,Nesting,1,0,1,0,0,0,0,0,0,mixed,,
EMGO AK07 031,2007,78203,AHY,F,1691,Nesting,0,0,0,0,0,0,0,0,0,,,
EMGO AK07 032,2007,78727,AHY,F,1726,Nesting,0,0,0,0,0,0,0,0,0,,,
EMGO AK07 033,2007,73744,AHY,F,1481,Nesting,0,0,0,0,0,0,0,0,0,,,
EMGO AK07 034,2007,78705,AHY,F,1703,Nesting,0,0,0,0,0,0,0,0,0,,,
EMGO AK07 035,2007,57619,AHY,F,1510,Nesting,0,0,0,0,0,0,0,0,0,,,
EMGO AK07 036,2007,78725,AHY,F,1664,Nesting,0,0,0,0,0,0,0,0,0,,,
EMGO AK07 037,2007,57228,AHY,F,1638,Nesting,0,0,0,0,0,0,0,0,0,,,
EMGO AK07 038,2007,26913,AHY,F,1700,Nesting,0,0,0,0,0,0,0,0,0,,,
EMGO AK07 039,2007,78480,AHY,F,1462,Nesting,0,0,0,0,0,0,0,0,0,,,
EMGO AK07 040,2007,78204,AHY,F,1645,Nesting,0,0,0,0,0,0,0,0,0,,,
EMGO AK07 041,2007,26048,AHY,F,1816,Nesting,0,0,0,0,0,0,0,0,0,,,
EMGO AK08 001,2008,78780,AHY,F,1545,Nesting,0,0,0,0,0,0,0,0,0,,,
EMGO AK08 002,2008,78775,AHY,F,1513,Nesting,1,0,1,0,0,0,0,0,0,MW960836,,
EMGO AK08 003,2008,26080,AHY,F,,Nesting,0,0,0,0,0,0,0,0,0,,,
EMGO AK08 004,2008,78772,AHY,F,1513,Nesting,0,0,0,0,0,0,0,0,0,,,
EMGO AK08 005,2008,78212,AHY,F,1677,Nesting,0,0,0,0,0,0,0,0,0,,,
EMGO AK08 006,2008,78779,AHY,F,1572,Nesting,1,0,1,0,0,0,0,0,0,"MW960837, MW960892",,
EMGO AK08 007,2008,78762,AHY,F,1471,Nesting,0,0,1,0,0,0,0,0,0,"MW960838, MW960893",,
EMGO AK08 008,2008,78778,AHY,F,1490,Nesting,0,0,0,0,0,0,0,0,0,,,
EMGO AK08 009,2008,78761,AHY,F,1823,Nesting,0,0,0,0,0,0,0,0,0,,,
EMGO AK08 010,2008,79102,AHY,F,1563,Nesting,0,0,0,0,0,0,0,0,0,,,
EMGO AK08 011,2008,78763,AHY,F,1486,Nesting,0,0,0,0,0,0,0,0,0,,,
EMGO AK08 012,2008,78773,AHY,F,1537,Nesting,1,0,1,0,0,0,0,0,0,"MW960839, MW960894",,
EMGO AK08 013,2008,26015,AHY,F,1884,Nesting,0,0,0,0,0,0,0,0,0,,,
EMGO AK08 014,2008,78719,AHY,F,1548,Nesting,0,0,1,0,0,0,0,0,0,MW960785,,
EMGO AK08 015,2008,78771,AHY,F,1670,Nesting,1,1,1,0,0,0,0,0,0,"MW960840, MW960895",,
EMGO AK08 016,2008,78715,AHY,F,1768,Nesting,0,0,0,0,0,0,0,0,0,,,
EMGO AK08 017,2008,78716,AHY,F,1614,Nesting,0,0,0,0,0,0,0,0,0,,,
EMGO AK08 018,2008,78782,AHY,F,1626,Nesting,0,0,0,0,0,0,0,0,0,,,
EMGO AK08 019,2008,57501,AHY,F,1514,Nesting,0,0,0,0,0,0,0,0,1,,,MW885269
EMGO AK08 020,2008,26086,AHY,F,1513,Nesting,0,0,0,0,0,0,0,0,0,,,
EMGO AK08 021,2008,57209,AHY,F,1768,Nesting,0,0,0,0,0,0,0,0,0,,,
EMGO AK08 022,2008,78704,AHY,F,1790,Nesting,0,0,0,0,0,0,0,0,0,,,
EMGO AK08 023,2008,78777,AHY,F,1498,Nesting,0,0,0,0,0,0,0,0,0,,,
EMGO AK08 024,2008,79101,AHY,F,1648,Nesting,0,0,0,0,0,0,0,0,0,,,
EMGO AK08 025,2008,78776,AHY,F,1491,Nesting,0,0,0,0,0,0,0,0,0,,,
EMGO AK08 026,2008,78751,AHY,F,1832,Nesting,0,0,0,0,0,0,0,0,0,,,
EMGO AK08 027,2008,78720,AHY,F,1544,Nesting,0,0,0,0,0,0,0,0,0,,,
EMGO AK08 028,2008,78715,AHY,F,1768,Nesting,0,0,0,0,0,0,0,0,0,,,
EMGO AK08 029,2008,78756,AHY,F,1755,Nesting,0,0,0,0,0,0,0,0,0,,,
EMGO AK08 030,2008,78757,AHY,F,1575,Nesting,0,1,1,0,0,0,0,0,0,MW960841,,
EMGO AK08 031,2008,78758,AHY,F,1846,Nesting,0,1,1,0,1,0,0,0,0,MW960842,MW885270,
EMGO AK08 032,2008,78759,AHY,F,1428,Nesting,1,0,0,0,0,0,0,0,0,mixed,,
EMGO AK08 033,2008,78781,AHY,F,1595,Nesting,1,1,0,0,0,0,0,0,0,MW960786,,
EMGO AK08 034,2008,78753,AHY,F,1760,Nesting,0,0,0,0,0,0,0,0,0,,,
EMGO AK08 035,2008,78754,AHY,F,1742,Nesting,0,0,0,0,0,0,0,0,0,,,
EMGO AK09 001,2009,79227,AHY,F,1559,Nesting,0,0,0,0,0,0,0,0,0,,,
EMGO AK09 002,2009,79218,AHY,F,1690,Nesting,0,0,0,0,0,0,0,0,0,,,
EMGO AK09 003,2009,79208,AHY,F,1807,Nesting,0,0,0,0,0,0,0,0,0,,,
EMGO AK09 004,2009,79203,AHY,F,1544,Nesting,1,1,1,0,0,0,0,0,0,MW960896,,
EMGO AK09 005,2009,79214,AHY,F,,Nesting,0,1,0,0,0,0,0,0,0,MW960843,,
EMGO AK09 006,2009,79209,AHY,F,1512,Nesting,1,1,1,0,0,0,0,0,0,MW960897,,
EMGO AK09 007,2009,79194,AHY,F,1795,Nesting,0,0,0,0,0,0,0,0,0,,,
EMGO AK09 008,2009,79226,AHY,F,1826,Nesting,0,0,0,0,0,0,0,0,0,,,
EMGO AK09 009,2009,79222,AHY,F,1627,Nesting,1,1,0,0,0,0,0,0,0,"MW960844, MW960845",,
EMGO AK09 010,2009,78225,AHY,F,1552,Nesting,1,1,0,0,0,0,0,0,0,mixed,,
EMGO AK09 011,2009,79217,AHY,F,1885,Nesting,1,0,0,0,0,0,0,0,0,mixed,,
EMGO AK09 012,2009,79195,AHY,F,1897,Nesting,0,0,0,0,0,0,0,0,0,,,
EMGO AK09 013,2009,79210,AHY,F,1657,Nesting,0,0,0,0,0,0,0,0,0,,,
EMGO AK09 014,2009,79212,AHY,F,1965,Nesting,1,1,0,0,0,0,0,0,0,MW960787,,
EMGO AK09 015,2009,79205,AHY,F,1792,Nesting,0,0,0,0,0,0,0,0,0,,,
EMGO AK09 016,2009,79189,AHY,F,1909,Nesting,1,1,1,0,0,0,0,0,0,MW960898,,
EMGO AK09 017,2009,79186,AHY,F,1853,Nesting,0,1,0,0,0,0,0,0,0,MW960846,,
EMGO AK09 018,2009,79191,AHY,F,1709,Nesting,0,0,0,0,0,0,0,0,0,,,
EMGO AK09 019,2009,79252,AHY,F,1557,Nesting,0,1,0,0,0,0,0,0,0,MW960788,,
EMGO AK09 020,2009,57619,AHY,F,1625,Nesting,0,0,0,0,0,0,0,0,0,,,
EMGO AK09 021,2009,79185,AHY,F,1730,Nesting,0,0,0,0,0,0,0,0,0,,,
EMGO AK09 022,2009,79206,AHY,F,1835,Nesting,0,0,0,0,0,0,0,0,0,,,
EMGO AK09 023,2009,79230,AHY,F,1763,Nesting,0,0,0,0,0,0,0,0,0,,,
EMGO AK09 024,2009,79187,AHY,F,1738,Nesting,0,0,0,0,0,0,0,0,0,,,
EMGO AK09 025,2009,79215,AHY,F,1590,Nesting,0,0,0,0,0,0,0,0,0,,,
EMGO AK09 026,2009,79211,AHY,F,1963,Nesting,1,1,1,0,0,0,0,0,0,,,
EMGO AK09 027,2009,79221,AHY,F,1740,Nesting,1,1,1,0,0,0,0,0,0,MW960789,,
EMGO AK09 028,2009,78721,AHY,F,1445,Nesting,1,1,0,0,0,0,0,0,0,MW960899,,
EMGO AK09 029,2009,79213,AHY,F,1745,Nesting,0,0,0,0,0,0,0,0,0,,,
EMGO AK09 030,2009,79184,AHY,F,1595,Nesting,1,1,1,0,0,0,0,0,0,MW960847,,
EMGO AK09 031,2009,79204,AHY,F,1732,Nesting,0,0,0,0,0,0,0,0,0,,,
EMGO AK09 032,2009,79216,AHY,F,1702,Nesting,0,0,0,0,0,0,0,0,0,,,
EMGO AK09 033,2009,79251,AHY,F,1718,Nesting,0,1,0,0,0,0,0,0,0,MW960790,,
EMGO AK09 034,2009,79183,AHY,F,1589,Nesting,1,1,1,0,0,0,0,0,0,MW960848,,
EMGO AK09 035,2009,78760,AHY,F,2020,Nesting,0,0,0,0,0,0,0,0,0,,,
EMGO AK09 036,2009,79193,AHY,F,1701,Nesting,0,0,0,0,0,0,0,0,0,,,
EMGO AK09 037,2009,79182,AHY,F,1680,Nesting,0,0,0,0,0,0,0,0,0,,,
EMGO AK09 038,2009,79229,AHY,F,1696,Nesting,0,0,0,0,0,0,0,0,0,,,
EMGO AK09 039,2009,57918,AHY,F,1345,Nesting,0,0,0,0,0,0,0,0,0,,,
EMGO AK09 041,2009,94205,AHY,F,1678,Nesting,0,0,0,0,0,0,0,0,0,,,
EMGO AK09 042,2009,79225,AHY,F,1577,Nesting,0,1,0,0,0,0,0,0,0,MW960900,,
EMGO AK09 043,2009,79202,AHY,F,1921,Nesting,0,1,0,0,0,0,0,0,0,MW960849,,
EMGO AK09 044,2009,79223,AHY,F,1526,Nesting,0,0,0,0,0,0,0,0,0,,,
EMGO AK09 045,2009,79228,AHY,F,1559,Nesting,1,1,0,0,0,0,0,0,0,"MW960850, MW960851",,
EMGO AK09 046,2009,79253,AHY,F,1678,Nesting,1,1,1,0,0,0,0,0,0,"MW960791, MW960792",,
EMGO AK09 047,2009,79224,AHY,F,1638,Nesting,1,1,1,0,0,0,0,0,0,"MW960852, MW960901",,
EMGO AK09 048,2009,79207,AHY,F,1789,Nesting,1,1,0,0,0,0,0,0,0,MW960793,,
EMGO AK09 049,2009,78324,AHY,F,1927,Nesting,0,0,0,0,0,0,0,0,0,,,
EMGO AK09 050,2009,57630,AHY,F,,Nesting,0,0,0,0,0,0,0,0,0,,,
EMGO AK09 051,2009,26992,AHY,F,1625,Nesting,0,0,0,0,0,0,0,0,0,,,
EMGO AK09 052,2009,78219,AHY,F,,Nesting,0,0,0,0,0,0,0,0,0,,,
EMGO AK09 053,2009,78718,AHY,F,1747,Nesting,0,0,0,0,0,0,0,0,0,,,
EMGO AK09 054,2009,26911,AHY,F,,Nesting,1,1,1,0,0,0,0,0,0,,,
EMGO AK09 055,2009,78247,AHY,F,,Nesting,1,1,1,0,0,0,0,0,0,,,
EMGO AK09 057,2009,78218,AHY,F,,Nesting,0,0,0,0,0,0,0,0,0,,,
EMGO AK09 058,2009,78225,AHY,F,1552,Nesting,0,0,0,0,0,0,0,0,0,,,
EMGO AK09 059,2009,78717,AHY,F,1539,Nesting,0,0,0,0,0,0,0,0,0,,,
EMGO AK10 003,2010,79289,AHY,F,1536,Nesting,0,0,0,0,0,0,0,0,0,,,
EMGO AK10 004,2010,79288,AHY,F,1516,Nesting,0,0,0,0,0,0,0,0,0,,,
EMGO AK10 005,2010,79295,AHY,F,,Nesting,0,0,0,0,0,0,0,0,0,,,
EMGO AK10 006,2010,79287,AHY,F,1594,Nesting,0,0,0,0,0,0,0,0,0,,,
EMGO AK10 007,2010,79185,AHY,F,1743,Nesting,0,0,0,0,0,0,0,0,0,,,
EMGO AK10 008,2010,78468,AHY,F,1807,Nesting,0,0,0,0,0,0,0,0,0,,,
EMGO AK10 009,2010,79392,AHY,F,1701,Nesting,0,0,0,0,0,0,0,0,0,,,
EMGO AK10 010,2010,79391,AHY,F,1487,Nesting,0,0,0,0,0,0,0,0,0,,,
EMGO AK10 011,2010,79211,AHY,F,1594,Nesting,1,1,1,0,0,0,0,0,0,MW960853,,
EMGO AK10 012,2010,79285,AHY,F,1543,Nesting,0,0,0,0,0,0,0,0,0,,,
EMGO AK10 013,2010,79226,AHY,F,1555,Nesting,0,0,0,0,0,0,0,0,0,,,
EMGO AK10 014,2010,79393,AHY,F,1594,Nesting,0,0,0,0,0,0,0,0,0,,,
EMGO AK10 015,2010,78729,AHY,F,1433,Nesting,0,0,0,0,0,0,0,0,0,,,
EMGO AK10 016,2010,78762,AHY,F,1490,Nesting,1,1,1,0,0,0,0,0,0,"MW960854, MW960902",,
EMGO AK10 017,2010,79360,AHY,F,1432,Nesting,0,1,0,0,0,0,0,0,0,MW960794,,
EMGO AK10 018,2010,79296,AHY,F,1472,Nesting,0,0,0,0,0,1,0,0,0,,MW885271,
EMGO AK10 019,2010,79359,AHY,F,1473,Nesting,1,0,0,0,0,0,0,0,0,"MW885257, MW960795",,
EMGO AK10 020,2010,79290,AHY,F,1683,Nesting,0,0,0,0,0,0,0,0,0,,,
EMGO AK10 021,2010,79353,AHY,F,1416,Nesting,1,1,1,0,0,0,0,0,0,MW960796,,
EMGO AK10 022,2010,79293,AHY,F,1617,Nesting,0,0,0,0,0,0,0,0,0,,,
EMGO AK10 023,2010,79101,AHY,F,1625,Nesting,0,0,0,0,0,0,0,0,0,,,
EMGO AK10 024,2010,79203,AHY,F,1460,Nesting,1,1,1,0,0,0,0,0,0,MW960903,,
EMGO AK10 025,2010,78728,AHY,F,,Nesting,0,1,1,0,0,0,0,0,0,MW960904,,
EMGO AK10 026,2010,79358,AHY,F,1648,Nesting,0,0,0,0,0,0,0,0,0,,,
EMGO AK10 027,2010,79354,AHY,F,1542,Nesting,0,0,0,0,0,0,0,0,0,,,
EMGO AK10 028,2010,79357,AHY,F,1594,Nesting,0,0,0,0,0,0,0,0,0,,,
EMGO AK10 029,2010,26916,AHY,F,1633,Nesting,0,0,0,0,0,0,0,0,0,,,
EMGO AK10 030,2010,79291,AHY,F,1590,Nesting,1,1,1,0,0,0,0,0,0,"MW960855, MW960905",,
EMGO AK10 031,2010,79294,AHY,F,1616,Nesting,0,0,0,0,0,0,0,0,0,,,
EMGO AK10 032,2010,78219,AHY,F,1793,Nesting,0,0,0,0,0,0,0,0,0,,,
EMGO AK10 033,2010,79287,AHY,F,1594,Nesting,0,0,0,0,0,0,0,0,0,,,
EMGO AK10 034,2010,79361,AHY,F,1786,Nesting,0,0,0,0,0,0,0,0,0,,,
EMGO AK10 035,2010,57648,AHY,F,1414,Nesting,0,0,0,0,0,0,0,0,0,,,
EMGO AK10 036,2010,57209,AHY,F,1640,Nesting,0,0,0,0,0,0,0,0,0,,,
EMGO AK10 037,2010,79355,AHY,F,1592,Nesting,0,0,0,0,0,0,0,0,0,,,
EMGO AK10 038,2010,79283,AHY,F,1703,Nesting,0,0,0,0,0,0,0,0,0,,,
EMGO AK10 039,2010,79286,AHY,F,1700,Nesting,0,0,0,0,0,0,0,0,0,,,
EMGO AK10 040,2010,79297,AHY,F,1644,Nesting,1,0,0,0,1,1,0,0,0,MW960797,MW885272,
EMGO AK10 041,2010,78297,AHY,F,1737,Nesting,0,0,0,0,0,0,0,0,0,,,
EMGO AK10 042,2010,79356,AHY,F,1551,Nesting,0,0,0,0,0,0,0,0,0,,,
EMGO AK10 043,2010,78778,AHY,F,1330,Nesting,0,0,0,0,0,0,0,0,0,,,
EMGO AK10 044,2010,78220,AHY,F,1460,Nesting,0,0,0,0,0,0,0,0,0,,,
EMGO AK11 001,2011,79321,AHY,F,1956,Nesting,0,0,0,0,0,0,0,0,0,,,
EMGO AK11 002,2011,26090,AHY,F,1693,Nesting,0,0,0,0,0,0,0,0,0,,,
EMGO AK11 003,2011,78721,AHY,F,1502,Nesting,1,1,1,0,0,0,0,0,0,MW960798,,
EMGO AK11 004,2011,79315,AHY,F,1650,Nesting,0,1,1,0,0,0,0,0,0,MW960799,,
EMGO AK11 005,2011,79354,AHY,F,1842,Nesting,0,0,0,0,0,0,0,0,0,,,
EMGO AK11 006,2011,79322,AHY,F,1601,Nesting,1,1,1,0,0,0,0,0,0,MW960906,,
EMGO AK11 007,2011,57616,AHY,F,1615,Nesting,0,0,0,0,0,0,0,0,0,,,
EMGO AK11 008,2011,79343,AHY,F,1832,Nesting,0,0,0,0,0,0,0,0,0,,,
EMGO AK11 009,2011,79288,AHY,F,1500,Nesting,0,0,0,0,0,0,0,0,0,,,
EMGO AK11 010,2011,79347,AHY,F,1575,Nesting,0,0,0,0,0,0,0,0,0,,,
EMGO AK11 011,2011,78201,AHY,F,1636,Nesting,0,0,0,0,0,0,0,0,0,,,
EMGO AK11 012,2011,78717,AHY,F,1101,Nesting,0,0,0,0,0,0,0,0,0,,,
EMGO AK11 013,2011,26088,AHY,F,1695,Nesting,0,0,0,0,0,0,0,0,0,,,
EMGO AK11 014,2011,79253,AHY,F,1589,Nesting,0,0,1,0,0,0,0,0,0,MW960800,,
EMGO AK11 015,2011,79317,AHY,F,1657,Nesting,0,0,1,0,0,0,0,0,0,MW960801,,
EMGO AK11 016,2011,79318,AHY,F,1552,Nesting,0,0,0,0,0,0,0,0,0,,,
EMGO AK11 017,2011,79328,AHY,F,1543,Nesting,0,0,0,0,0,0,0,0,0,,,
EMGO AK11 018,2011,79345,AHY,F,1411,Nesting,1,1,1,1,0,0,0,0,0,mixed,MW885273,
EMGO AK11 019,2011,79327,AHY,F,1661,Nesting,1,0,1,0,0,0,0,0,0,MW960802,,
EMGO AK11 020,2011,79325,AHY,F,1760,Nesting,0,0,0,0,0,0,0,0,0,,,
EMGO AK11 021,2011,79344,AHY,F,1434,Nesting,0,0,0,0,0,0,0,0,0,,,
EMGO AK11 022,2011,79342,AHY,F,1624,Nesting,0,0,0,0,0,0,0,0,0,,,
EMGO AK11 023,2011,79319,AHY,F,1785,Nesting,0,1,1,0,0,0,0,0,0,mixed,,
EMGO AK11 024,2011,79323,AHY,F,2109,Nesting,0,0,0,0,0,0,0,0,0,,,
EMGO AK11 025,2011,79351,AHY,F,1835,Nesting,0,0,0,0,0,0,0,0,0,,,
EMGO AK11 026,2011,78324,AHY,F,1519,Nesting,0,0,0,0,0,0,0,0,0,,,
EMGO AK11 027,2011,79340,AHY,F,1488,Nesting,0,0,0,0,0,0,0,0,0,,,
EMGO AK11 028,2011,79326,AHY,F,1488,Nesting,0,0,0,0,0,0,0,0,0,,,
EMGO AK11 029,2011,78751,AHY,F,1630,Nesting,0,0,0,0,0,0,0,0,0,,,
EMGO AK11 030,2011,36970,AHY,F,1618,Nesting,1,1,1,0,0,0,0,0,0,MW960826,,
EMGO AK11 031,2011,79341,AHY,F,1686,Nesting,0,0,0,0,0,0,0,0,0,,,
EMGO AK11 032,2011,79324,AHY,F,1645,Nesting,0,0,0,0,0,0,0,0,0,,,
EMGO AK11 033,2011,79348,AHY,F,1768,Nesting,1,1,1,0,0,0,0,0,0,MW960803,,
EMGO AK11 034,2011,79316,AHY,F,1634,Nesting,0,0,0,0,0,0,0,0,0,,,
EMGO AK11 035,2011,57640,AHY,F,1637,Nesting,0,0,0,0,0,0,0,0,0,,,
EMGO AK11 036,2011,79346,AHY,F,1596,Nesting,0,0,0,0,0,0,0,0,0,,,
EMGO AK11 037,2011,79361,AHY,F,1815,Nesting,0,0,0,0,0,0,0,0,0,,,
EMGO AK12 001,2012,79395,AHY,F,1677,Nesting,0,0,0,0,0,0,0,0,0,,,
EMGO AK12 002,2012,79334,AHY,F,1704,Nesting,1,0,1,0,0,0,0,0,0,mixed,,
EMGO AK12 003,2012,79338,AHY,F,1641,Nesting,0,0,0,0,0,0,0,0,0,,,
EMGO AK12 004,2012,10298,AHY,F,1630,Nesting,0,0,0,0,0,0,0,0,0,,,
EMGO AK12 005,2012,10292,AHY,F,1672,Nesting,0,0,0,0,0,0,0,0,0,,,
EMGO AK12 006,2012,10208,AHY,F,1432,Nesting,0,0,0,0,0,0,0,0,0,,,
EMGO AK12 007,2012,10295,AHY,F,1618,Nesting,0,0,0,0,0,0,0,0,0,,,
EMGO AK12 008,2012,79206,AHY,F,1818,Nesting,1,1,0,0,0,0,0,0,0,MW960804,,
EMGO AK12 009,2012,78713,AHY,F,1580,Nesting,0,0,0,0,0,0,0,0,0,,,
EMGO AK12 010,2012,79336,AHY,F,1634,Nesting,0,0,0,0,0,0,0,0,0,,,
EMGO AK12 011,2012,78231,AHY,F,1531,Nesting,0,0,0,0,0,0,0,0,0,,,
EMGO AK12 012,2012,10299,AHY,F,1584,Nesting,0,0,0,0,0,0,0,0,0,,,
EMGO AK12 013,2012,79207,AHY,F,1609,Nesting,0,0,0,0,0,0,0,0,0,,,
EMGO AK12 014,2012,79294,AHY,F,1678,Nesting,0,0,0,0,0,0,0,0,0,,,
EMGO AK12 015,2012,79213,AHY,F,1614,Nesting,0,0,0,0,0,0,0,0,0,,,
EMGO AK12 016,2012,10206,AHY,F,1498,Nesting,1,0,0,0,0,0,0,0,0,MW960907,,
EMGO AK12 017,2012,78730,AHY,F,1927,Nesting,0,0,0,0,0,0,0,0,0,,,
EMGO AK12 018,2012,26983,AHY,F,1486,Nesting,1,1,1,0,0,0,0,0,0,MW960856,,
EMGO AK12 019,2012,79335,AHY,F,1447,Nesting,0,0,0,0,0,0,0,0,0,,,
EMGO AK12 020,2012,79337,AHY,F,1497,Nesting,1,1,1,0,0,0,0,0,0,MW960805,,
EMGO AK12 021,2012,10289,AHY,F,1395,Nesting,0,0,0,0,0,0,0,0,0,,,
EMGO AK12 022,2012,10296,AHY,F,1547,Nesting,0,0,0,0,0,0,0,0,0,,,
EMGO AK12 023,2012,79333,AHY,F,1447,Nesting,1,1,1,0,0,0,0,0,0,MW960908,,
EMGO AK12 024,2012,79398,AHY,F,1610,Nesting,0,0,0,0,0,0,0,0,0,,,
EMGO AK12 025,2012,79331,AHY,F,1591,Nesting,1,0,0,0,0,0,0,0,0,MW960806,,
EMGO AK12 026,2012,79354,AHY,F,1570,Nesting,0,0,0,0,0,0,0,0,0,,,
EMGO AK12 027,2012,78480,AHY,F,1468,Nesting,1,1,1,0,0,0,0,0,0,MW960857,,
EMGO AK12 028,2012,79330,AHY,F,1604,Nesting,1,1,0,0,0,0,0,0,0,MW960858,,
EMGO AK12 029,2012,26969,AHY,F,1997,Nesting,0,0,0,0,0,0,0,0,0,,,
EMGO AK12 030,2012,79350,AHY,F,1824,Nesting,0,0,0,0,0,0,0,0,0,,,
EMGO AK12 031,2012,78779,AHY,F,1605,Nesting,1,1,1,0,0,0,0,0,0,"MW960859, MW960909",,
EMGO AK12 032,2012,10203,AHY,F,1710,Nesting,0,0,0,0,0,0,0,0,0,,,
EMGO AK12 033,2012,26095,AHY,F,1635,Nesting,0,1,1,0,0,0,0,0,0,MW960807,,
EMGO AK12 034,2012,78220,AHY,F,1543,Nesting,0,0,0,0,0,0,0,0,0,,,
EMGO AK12 035,2012,79396,AHY,F,1570,Nesting,0,0,0,0,0,0,0,0,0,,,
EMGO AK12 036,2012,36970,AHY,F,1588,Nesting,1,1,0,0,0,0,0,0,0,MW960827,,
EMGO AK12 037,2012,79399,AHY,F,,Nesting,1,1,0,0,0,0,0,0,0,MW960808,,
EMGO AK12 038,2012,78232,AHY,F,1759,Nesting,1,1,1,0,0,0,0,0,0,MW960910,,
EMGO AK12 039,2012,79332,AHY,F,1684,Nesting,0,0,0,0,0,0,0,0,0,,,
EMGO AK12 040,2012,79397,AHY,F,1808,Nesting,0,0,0,0,0,0,0,0,0,,,
EMGO AK13 001,2013,26084,AHY,F,1874,Nesting,0,0,0,0,0,0,0,0,0,,,
EMGO AK13 002,2013,26087,AHY,F,1828,Nesting,0,0,0,0,0,0,0,0,0,,,
EMGO AK13 003,2013,26088,AHY,F,1766,Nesting,0,0,0,0,0,0,0,0,0,,,
EMGO AK13 004,2013,26090,AHY,F,1687,Nesting,0,0,0,0,0,0,0,0,1,,,MW960778
EMGO AK13 005,2013,26983,AHY,F,1509,Nesting,1,1,1,0,0,0,0,0,0,MW960911,,
EMGO AK13 006,2013,78224,AHY,F,1979,Nesting,0,0,0,0,0,0,0,0,0,,,
EMGO AK13 007,2013,78226,AHY,F,1841,Nesting,0,0,0,0,0,0,0,0,0,,,
EMGO AK13 008,2013,78480,AHY,F,1601,Nesting,1,1,1,0,0,0,0,0,0,"MW885258, MW960860",,
EMGO AK13 009,2013,78524,AHY,F,1730,Nesting,0,0,0,0,0,0,0,0,0,,,
EMGO AK13 010,2013,78713,AHY,F,1728,Nesting,0,0,0,0,0,0,0,0,0,,,
EMGO AK13 011,2013,78717,AHY,F,1797,Nesting,0,0,0,0,0,0,0,0,0,,,
EMGO AK13 012,2013,78721,AHY,F,1338,Nesting,1,1,1,0,0,0,0,0,0,MW960809,,
EMGO AK13 013,2013,78728,AHY,F,1596,Nesting,1,1,1,0,0,0,0,0,0,MW960912,,
EMGO AK13 014,2013,78730,AHY,F,1782,Nesting,0,0,0,0,0,0,0,0,0,,,
EMGO AK13 015,2013,78762,AHY,F,1641,Nesting,1,1,1,0,0,0,0,0,0,MW960913,,
EMGO AK13 016,2013,78779,AHY,F,1549,Nesting,1,1,1,0,0,0,0,0,0,"MW960861, MW960914",,
EMGO AK13 017,2013,79138,AHY,F,1761,Nesting,0,0,0,0,0,0,0,0,0,,,
EMGO AK13 018,2013,79189,AHY,F,1833,Nesting,1,1,1,0,0,0,0,0,0,MW960915,,
EMGO AK13 019,2013,79193,AHY,F,1730,Nesting,0,0,0,0,0,0,0,0,0,,,
EMGO AK13 020,2013,79203,AHY,F,1700,Nesting,1,1,1,0,0,0,0,0,0,MW960916,,
EMGO AK13 021,2013,79213,AHY,F,1679,Nesting,0,0,0,0,0,1,0,0,0,,MW885274,
EMGO AK13 022,2013,79226,AHY,F,1678,Nesting,0,1,0,0,0,0,0,0,0,MW885259,,
EMGO AK13 023,2013,79239,AHY,F,1718,Nesting,0,0,0,0,0,0,0,0,0,,,
EMGO AK13 024,2013,79252,AHY,F,1715,Nesting,0,0,0,0,0,0,0,0,0,,,
EMGO AK13 025,2013,79253,AHY,F,1748,Nesting,0,0,0,0,0,0,0,0,0,,,
EMGO AK13 026,2013,79296,AHY,F,1645,Nesting,0,0,0,0,0,0,0,0,0,,,
EMGO AK13 027,2013,79336,AHY,F,1726,Nesting,0,0,0,0,0,0,0,0,0,,,
EMGO AK13 028,2013,79338,AHY,F,1660,Nesting,1,0,0,0,0,0,0,0,0,MW960917,,
EMGO AK13 029,2013,79339,AHY,F,1780,Nesting,0,0,0,0,0,0,0,0,0,,,
EMGO AK13 030,2013,79361,AHY,F,1922,Nesting,0,0,0,0,0,0,0,0,0,,,
EMGO AK13 031,2013,10207,AHY,F,1645,Nesting,0,0,0,0,0,0,0,0,0,,,
EMGO AK13 032,2013,22101,AHY,F,1810,Nesting,0,0,0,0,0,0,0,0,0,,,
EMGO AK13 033,2013,22102,AHY,F,1847,Nesting,0,0,0,0,0,0,0,0,0,,,
EMGO AK13 034,2013,22103,AHY,F,1625,Nesting,0,0,0,0,0,0,0,0,0,,,
EMGO AK13 035,2013,22104,AHY,F,1573,Nesting,1,1,1,0,0,0,0,0,0,MW960862,,
EMGO AK13 036,2013,22105,AHY,F,1805,Nesting,1,1,1,0,0,0,0,0,0,"MW960863, MW960918",,
EMGO AK13 037,2013,22106,AHY,F,1656,Nesting,0,0,1,0,0,0,0,0,0,MW960864,,
EMGO AK13 038,2013,22107,AHY,F,1856,Nesting,1,1,1,0,0,0,0,0,0,"MW960865, MW960919",,
EMGO AK13 039,2013,22108,AHY,F,1403,Nesting,0,0,0,0,0,0,0,0,0,,,
EMGO AK13 040,2013,22109,AHY,F,1750,Nesting,0,1,0,0,0,0,0,0,0,MW885253,,
EMGO AK13 041,2013,22111,AHY,F,1887,Nesting,0,0,0,0,0,0,1,0,0,,,MW885268
EMGO AK13 042,2013,22112,AHY,F,1680,Nesting,0,0,0,0,0,0,0,0,0,,,
EMGO AK13 043,2013,22114,AHY,F,1601,Nesting,0,0,0,0,0,0,0,0,0,,,
EMGO AK13 044,2013,22115,AHY,F,1699,Nesting,0,0,0,0,0,0,0,0,0,,,
EMGO AK13 045,2013,22121,AHY,F,1910,Nesting,0,1,1,0,0,0,0,0,0,MW960810,,
EMGO AK13 046,2013,22123,AHY,F,1771,Nesting,0,0,0,0,0,0,0,0,0,,,
EMGO AK13 047,2013,22124,AHY,F,1892,Nesting,0,0,0,0,0,0,0,0,0,,,
EMGO AK13 048,2013,22125,AHY,F,1652,Nesting,0,0,0,0,0,0,0,0,0,,,
EMGO AK13 049,2013,22126,AHY,F,1848,Nesting,0,0,0,0,0,0,0,0,0,,,
EMGO AK13 050,2013,22127,AHY,F,1708,Nesting,0,0,0,0,0,0,0,0,0,,,
EMGO AK13 051,2013,22128,AHY,F,1529,Nesting,0,1,1,0,0,0,0,0,0,"MW960866, MW960920",,
EMGO AK13 052,2013,22129,AHY,F,1500,Nesting,0,0,0,0,0,0,0,0,0,,,
EMGO AK13 053,2013,22131,AHY,F,1481,Nesting,0,0,0,0,0,0,0,0,0,,,
EMGO AK13 054,2013,22132,AHY,F,1678,Nesting,0,0,0,0,0,0,0,0,0,,,
EMGO AK13 055,2013,22133,AHY,F,1781,Nesting,0,1,1,0,0,0,0,0,0,MW960811,,
EMGO AK13 056,2013,22134,AHY,F,1608,Nesting,0,0,0,0,0,0,0,0,0,,,
EMGO AK13 057,2013,22136,AHY,F,1855,Nesting,0,0,0,0,0,0,0,0,0,,,
EMGO AK14 001,2014,79208,AHY,F,1860,Nesting,0,0,0,0,0,0,0,0,0,,,
EMGO AK14 002,2014,78757,AHY,F,1590,Nesting,0,0,0,0,0,0,0,0,0,,,
EMGO AK14 003,2014,22140,AHY,F,1535,Nesting,0,0,0,0,0,0,0,0,0,,,
EMGO AK14 004,2014,78297,AHY,F,1646,Nesting,0,0,0,0,0,0,0,0,0,,,
EMGO AK14 005,2014,79213,AHY,F,1588,Nesting,0,0,0,0,0,0,0,0,0,,,
EMGO AK14 006,2014,22125,AHY,F,1554,Nesting,0,0,0,0,0,0,0,0,0,,,
EMGO AK14 007,2014,22150,AHY,F,1577,Nesting,0,0,0,0,0,0,0,0,0,,,
EMGO AK14 008,2014,22104,AHY,F,1597,Nesting,1,1,1,0,0,0,0,0,0,MW960867,,
EMGO AK14 009,2014,22141,AHY,F,1574,Nesting,1,0,1,0,0,0,0,0,0,MW960812,,
EMGO AK14 010,2014,79336,AHY,F,1575,Nesting,0,0,0,0,0,0,0,0,0,,,
EMGO AK14 011,2014,79392,AHY,F,1768,Nesting,1,1,1,0,0,0,0,0,0,"MW960868, MW960921",,
EMGO AK14 012,2014,22117,AHY,F,1897,Nesting,1,1,1,0,0,0,0,0,0,MW960813,,
EMGO AK14 013,2014,22119,AHY,F,1669,Nesting,0,0,0,0,0,0,0,0,0,,,
EMGO AK14 014,2014,22148,AHY,F,1661,Nesting,0,0,0,0,0,0,0,0,0,,,
EMGO AK14 015,2014,79306,AHY,F,1822,Nesting,0,0,0,0,0,0,0,0,0,,,
EMGO AK14 016,2014,22110,AHY,F,1506,Nesting,0,0,0,0,0,0,0,0,0,,,
EMGO AK14 017,2014,78468,AHY,F,1696,Nesting,0,0,0,0,0,0,0,0,0,,,
EMGO AK14 018,2014,22120,AHY,F,1635,Nesting,1,1,1,0,0,0,0,0,0,MW960814,,
EMGO AK14 019,2014,78760,AHY,F,1742,Nesting,0,0,0,0,0,0,0,0,0,,,
EMGO AK14 020,2014,22143,AHY,F,1497,Nesting,0,0,0,0,0,0,0,0,0,,,
EMGO AK14 021,2014,22138,AHY,F,1613,Nesting,0,0,0,0,0,0,0,0,0,,,
EMGO AK14 022,2014,78339,AHY,F,1565,Nesting,0,0,0,0,0,0,0,0,0,,,
EMGO AK14 023,2014,22196,AHY,F,1563,Nesting,0,0,0,0,0,0,0,0,0,,,
EMGO AK14 024,2014,79314,AHY,F,1526,Nesting,0,0,0,0,0,0,0,0,0,,,
EMGO AK14 025,2014,10207,AHY,F,1724,Nesting,0,0,0,0,0,0,0,0,0,,,
EMGO AK14 026,2014,78337,AHY,F,1860,Nesting,0,0,0,0,0,0,0,0,0,,,
EMGO AK14 027,2014,22149,AHY,F,1707,Nesting,1,0,0,0,0,0,0,0,0,MW960955,,
EMGO AK14 028,2014,22146,AHY,F,1645,Nesting,0,0,0,0,0,0,0,0,0,,,
EMGO AK14 029,2014,22198,AHY,F,1724,Brood Drives,0,0,0,0,0,0,0,0,0,,,
EMGO AK14 030,2014,22130,AHY,F,1707,Brood Drives,0,0,0,0,0,0,0,0,0,,,
EMGO AK14 031,2014,22199,AHY,F,1725,Brood Drives,0,0,0,0,0,0,0,0,0,,,
EMGO AK14 032,2014,22200,HY,F,944,Brood Drives,0,0,0,0,0,1,0,0,0,,MW960780,
EMGO AK14 033,2014,22191,AHY,F,2219,Brood Drives,0,0,0,0,0,0,0,0,0,,,
EMGO AK14 034,2014,22152,HY,M,1340,Brood Drives,0,0,0,0,0,0,0,0,0,,,
EMGO AK14 035,2014,22153,HY,M,1148,Brood Drives,0,0,0,0,0,0,0,0,0,,,
EMGO AK14 036,2014,22154,HY,F,1181,Brood Drives,0,0,0,0,0,0,0,0,0,,,
EMGO AK14 037,2014,22178,AHY,F,1945,Brood Drives,0,0,0,0,0,0,0,0,0,,,
EMGO AK14 038,2014,79314,AHY,F,1526,Brood Drives,1,0,0,0,0,0,0,0,0,MW960956,,
EMGO AK14 039,2014,22177,HY,M,918,Brood Drives,0,0,0,0,0,0,0,0,0,,,
EMGO AK14 040,2014,22159,HY,M,1225,Brood Drives,0,0,0,0,0,0,0,0,0,,,
EMGO AK14 041,2014,22158,HY,F,891,Brood Drives,0,0,0,0,0,0,0,0,0,,,
EMGO AK14 042,2014,22156,HY,M,1036,Brood Drives,0,0,0,0,0,0,0,0,0,,,
EMGO AK14 043,2014,22179,AHY,F,2294,Brood Drives,1,1,1,0,0,0,0,0,0,"MW885262, MW960815",,
EMGO AK14 044,2014,22155,HY,M,1142,Brood Drives,0,0,0,0,0,0,0,0,0,,,
EMGO AK14 045,2014,22186,AHY,F,1862,Brood Drives,0,0,0,0,0,0,0,0,0,,,
EMGO AK14 046,2014,22185,HY,F,934,Brood Drives,0,0,0,0,0,0,0,0,0,,,
EMGO AK14 047,2014,22184,HY,F,1166,Brood Drives,0,0,1,0,0,0,0,0,0,mixed,,
EMGO AK14 048,2014,22183,AHY,F,1850,Brood Drives,0,0,0,0,0,0,0,0,0,,,
EMGO AK14 049,2014,22181,AHY,F,1868,Brood Drives,0,0,0,0,0,0,0,0,0,,,
EMGO AK14 050,2014,22182,AHY,F,1684,Brood Drives,0,0,0,0,0,0,0,0,0,,,
EMGO AK14 051,2014,22180,AHY,F,1620,Brood Drives,0,0,0,0,0,0,0,0,0,,,
EMGO AK14 052,2014,22161,HY,M,1166,Brood Drives,0,0,0,0,0,0,0,0,0,,,
EMGO AK14 053,2014,22164,AHY,M,2247,Brood Drives,0,0,0,0,0,0,0,0,0,,,
EMGO AK14 054,2014,22165,HY,F,954,Brood Drives,0,0,0,0,0,0,0,0,0,,,
EMGO AK14 055,2014,22166,AHY,M,2127,Brood Drives,0,0,0,0,0,0,0,0,0,,,
EMGO AK14 056,2014,22163,AHY,M,2130,Brood Drives,0,0,0,0,0,0,0,0,0,,,
EMGO AK14 057,2014,22162,HY,M,1244,Brood Drives,1,1,1,0,0,0,1,1,1,MW885260,,MW960777
EMGO AK14 058,2014,22167,HY,M,1096,Brood Drives,0,0,0,0,0,0,0,0,0,,,
EMGO AK14 059,2014,22168,HY,M,1370,Brood Drives,0,0,1,0,0,0,0,0,0,MW885263,,
EMGO AK14 060,2014,22169,HY,F,971,Brood Drives,0,0,0,0,0,0,0,0,0,,,
EMGO AK14 061,2014,22170,HY,M,1414,Brood Drives,0,0,1,0,0,0,0,0,0,MW885261,,
EMGO AK14 062,2014,22174,HY,F,1354,Brood Drives,0,0,0,0,0,0,0,0,0,,,
EMGO AK14 063,2014,22175,HY,M,1175,Brood Drives,0,0,0,0,0,0,0,0,0,,,
EMGO AK14 064,2014,22173,HY,F,1091,Brood Drives,0,0,0,0,0,0,0,0,0,,,
EMGO AK14 065,2014,22172,HY,M,1167,Brood Drives,0,1,0,0,0,0,0,0,0,MW960957,,
EMGO AK14 066,2014,22171,HY,F,1237,Brood Drives,0,0,0,0,0,0,0,0,0,,,
EMGO AK14 067,2014,22176,HY,M,1122,Brood Drives,0,0,0,0,0,0,0,0,0,,,
EMGO AK14 068,2014,22201,HY,M,1448,Brood Drives,0,1,0,0,0,0,0,0,0,"MW885264, MW960958",,
EMGO AK14 069,2014,22210,HY,M,986,Brood Drives,0,0,0,0,0,0,0,0,0,,,
EMGO AK14 070,2014,22208,HY,F,1034,Brood Drives,0,0,0,0,0,0,0,0,0,,,
EMGO AK14 071,2014,22202,HY,M,1269,Brood Drives,0,0,0,0,0,0,0,0,0,,,
EMGO AK14 072,2014,22203,HY,F,1241,Brood Drives,0,0,0,0,0,0,0,0,0,,,
EMGO AK14 073,2014,22204,HY,M,1118,Brood Drives,0,0,0,0,0,0,0,0,0,,,
EMGO AK14 074,2014,22205,HY,M,1271,Brood Drives,0,0,0,0,0,0,0,0,0,,,
EMGO AK14 075,2014,22206,HY,F,891,Brood Drives,0,0,0,0,0,0,0,0,0,,,
EMGO AK14 076,2014,22207,HY,F,1122,Brood Drives,0,0,0,0,0,0,0,0,0,,,
EMGO AK14 077,2014,22211,HY,M,921,Brood Drives,0,0,0,0,0,0,0,0,0,,,
EMGO AK14 078,2014,22212,AHY,F,1762,Brood Drives,1,1,1,0,0,0,0,0,0,"MW885265, MW960816",,
EMGO AK14 079,2014,22213,AHY,M,1797,Brood Drives,0,0,0,0,0,0,0,0,0,,,
EMGO AK14 080,2014,22216,AHY,F,1694,Brood Drives,0,0,0,0,0,0,0,0,0,,,
EMGO AK14 081,2014,22218,AHY,F,2228,Brood Drives,1,1,1,0,0,0,0,0,0,MW960817,,
EMGO AK14 082,2014,22219,AHY,F,1795,Brood Drives,0,0,0,0,0,0,0,0,0,,,
EMGO AK14 083,2014,22220,AHY,F,1932,Brood Drives,1,1,1,0,0,0,0,0,0,MW960869,,
EMGO AK14 084,2014,22246,AHY,F,1772,Brood Drives,0,0,0,0,0,0,0,0,0,,,
EMGO AK14 085,2014,22241,HY,F,895,Brood Drives,0,0,0,0,0,0,0,0,0,,,
EMGO AK14 086,2014,22135,HY,M,1596,Brood Drives,0,0,0,0,0,0,0,0,0,,,
EMGO AK14 087,2014,22139,HY,F,1336,Brood Drives,0,0,0,0,1,0,0,0,0,,MW960779,
EMGO AK14 088,2014,79322,AHY,F,1830,Brood Drives,1,1,1,0,0,0,0,0,0,MW960922,,
EMGO AK14 089,2014,22145,AHY,F,2428,Brood Drives,0,0,0,0,0,0,0,0,0,,,
EMGO AK14 090,2014,22197,HY,M,1501,Brood Drives,0,0,0,0,0,0,0,0,0,,,
EMGO AK14 091,2014,22189,AHY,F,1915,Brood Drives,0,0,0,0,0,0,0,0,0,,,
EMGO AK14 092,2014,22254,AHY,F,2164,Brood Drives,0,0,0,0,0,0,0,0,0,,,
EMGO AK14 093,2014,22252,HY,M,1340,Brood Drives,0,0,0,0,0,0,0,0,0,,,
EMGO AK14 094,2014,22192,HY,F,1251,Brood Drives,0,0,0,0,0,0,0,0,0,,,
EMGO AK14 095,2014,22188,AHY,M,1973,Brood Drives,0,0,0,0,0,0,0,0,0,,,
EMGO AK14 096,2014,22259,HY,F,1037,Brood Drives,0,0,0,0,0,0,0,0,0,,,
EMGO AK14 097,2014,22270,AHY,F,2319,Brood Drives,0,0,0,0,0,0,0,0,0,,,
EMGO AK14 098,2014,22258,HY,M,1056,Brood Drives,0,0,0,0,0,0,0,0,0,,,
EMGO AK14 099,2014,22255,HY,M,822,Brood Drives,0,0,0,0,0,0,0,0,0,,,
EMGO AK14 100,2014,22260,AHY,F,1866,Brood Drives,0,0,0,0,0,0,0,0,0,,,
EMGO AK14 101,2014,22253,AHY,F,2026,Brood Drives,1,1,1,0,0,0,0,0,0,MW960828,,
EMGO AK14 102,2014,22268,AHY,F,2027,Brood Drives,0,0,0,0,0,0,0,0,0,,,
EMGO AK14 103,2014,22193,AHY,F,1900,Brood Drives,0,0,0,0,0,0,0,0,0,,,
EMGO AK14 104,2014,22237,AHY,F,2559,Brood Drives,0,0,0,0,0,0,0,0,0,,,
EMGO AK14 105,2014,22190,AHY,M,2184,Brood Drives,0,0,0,0,0,0,0,0,0,,,
EMGO AK14 106,2014,22233,AHY,M,2067,Brood Drives,0,0,0,0,0,0,0,0,0,,,
EMGO AK14 107,2014,22226,AHY,F,1889,Brood Drives,0,0,0,0,0,0,0,0,0,,,
EMGO AK14 108,2014,22239,AHY,F,2053,Brood Drives,0,0,0,0,0,0,0,0,0,,,
EMGO AK14 109,2014,22257,HY,M,1215,Brood Drives,0,0,0,0,0,0,0,0,0,,,
EMGO AK14 110,2014,22256,HY,F,1213,Brood Drives,0,0,0,0,0,0,0,0,0,,,
EMGO AK14 111,2014,22266,AHY,F,1950,Brood Drives,0,0,0,0,0,0,0,0,0,,,
EMGO AK14 112,2014,22236,AHY,F,1857,Brood Drives,0,0,0,0,0,0,0,0,0,,,
EMGO AK14 113,2014,22235,AHY,F,1848,Brood Drives,1,1,1,0,0,0,0,0,0,MW885256,,
EMGO AK14 114,2014,22227,AHY,M,1065,Brood Drives,0,0,0,0,0,0,0,0,0,,,
EMGO AK14 115,2014,22230,HY,M,1109,Brood Drives,0,0,0,0,0,0,0,0,0,,,
EMGO AK14 116,2014,22231,HY,F,1239,Brood Drives,0,0,0,0,0,0,0,0,0,,,
EMGO AK14 117,2014,22228,AHY,F,1955,Brood Drives,1,1,1,0,0,0,0,0,0,MW960870,,
EMGO AK14 118,2014,22238,AHY,F,2430,Brood Drives,0,0,0,1,1,0,0,0,0,,MW960781,
EMGO AK14 119,2014,22232,HY,F,1188,Brood Drives,0,0,0,0,0,0,0,0,0,,,
EMGO AK14 120,2014,22229,HY,F,740,Brood Drives,0,0,0,0,0,0,0,0,0,,,
EMGO AK14 121,2014,22224,HY,M,1105,Brood Drives,0,0,0,0,0,0,0,0,0,,,
EMGO AK14 122,2014,22223,AHY,M,2500,Brood Drives,0,0,0,0,0,0,0,0,0,,,
EMGO AK14 123,2014,22222,AHY,F,2219,Brood Drives,0,0,0,0,0,0,0,0,0,,,
EMGO AK14 124,2014,22225,HY,F,846,Brood Drives,0,0,0,0,0,0,0,0,0,,,
EMGO AK14 125,2014,22221,HY,F,1226,Brood Drives,0,0,0,0,0,0,0,0,0,,,
EMGO AK15 001,2015,22107,AHY,F,1892,Nesting,1,1,1,0,0,0,0,0,0,mixed,,
EMGO AK15 002,2015,79330,AHY,F,1907,Nesting,1,1,1,0,0,0,0,0,0,"MW960871, MW960923",,
EMGO AK15 003,2015,79399,AHY,F,1740,Nesting,1,1,1,0,0,0,0,0,0,MW960818,,
EMGO AK15 004,2015,22272,AHY,F,1760,Nesting,0,0,0,0,0,0,0,0,0,,,
EMGO AK15 005,2015,79353,AHY,F,1615,Nesting,1,1,1,0,0,0,0,0,0,MW990224,,
EMGO AK15 006,2015,78721,AHY,F,1476,Nesting,1,1,0,0,0,0,0,0,0,MW960829,,
EMGO AK15 007,2015,22294,AHY,F,1682,Nesting,0,0,0,0,0,0,0,0,0,,,
EMGO AK15 008,2015,79187,AHY,F,1830,Nesting,0,0,0,0,0,0,0,0,0,,,
EMGO AK15 009,2015,22337,AHY,F,1611,Nesting,0,0,0,0,0,0,0,0,0,,,
EMGO AK15 010,2015,22299,AHY,F,1892,Nesting,0,0,0,0,0,0,0,0,0,,,
EMGO AK15 011,2015,22301,AHY,F,1665,Nesting,1,1,1,0,0,0,0,0,0,MW960924,,
EMGO AK15 012,2015,22271,AHY,F,1986,Nesting,0,1,0,0,0,0,0,0,0,"MW885266, MW960819",,
EMGO AK15 013,2015,22125,AHY,F,1687,Nesting,0,0,0,0,0,0,0,0,0,,,
EMGO AK15 014,2015,79317,AHY,F,1676,Nesting,0,0,0,0,0,0,0,0,0,,,
EMGO AK15 015,2015,79213,AHY,F,1731,Nesting,0,0,0,0,0,0,0,0,0,,,
EMGO AK15 016,2015,79341,AHY,F,1983,Nesting,0,0,0,0,0,0,0,0,0,,,
EMGO AK15 017,2015,22297,AHY,F,1458,Nesting,0,0,0,0,0,0,0,0,0,,,
EMGO AK15 018,2015,22291,AHY,F,1659,Nesting,0,0,0,0,0,0,0,0,0,,,
EMGO AK15 019,2015,78882,AHY,F,1758,Nesting,0,0,0,0,0,0,0,0,0,,,
EMGO AK15 020,2015,22293,AHY,F,1853,Nesting,1,1,1,0,0,0,0,0,0,MW960872,,
EMGO AK15 021,2015,22292,AHY,F,1680,Nesting,0,0,0,0,0,0,0,0,0,,,
EMGO AK15 022,2015,79203,AHY,F,1756,Nesting,1,1,1,0,0,0,0,0,0,MW960925,,
EMGO AK15 023,2015,22119,AHY,F,1907,Nesting,1,1,1,0,0,0,0,0,0,MW960926,,
EMGO AK15 024,2015,79338,AHY,F,1806,Nesting,0,0,0,0,0,0,0,0,0,,,
EMGO AK15 025,2015,22302,AHY,F,1751,Nesting,1,1,1,0,0,0,0,0,0,"MW960873, MW960927",,
EMGO AK15 026,2015,26983,AHY,F,1827,Nesting,1,1,1,0,0,0,0,0,0,"MW960874, MW960928",,
EMGO AK15 027,2015,22114,AHY,F,1685,Nesting,0,0,0,0,0,0,0,0,0,,,
EMGO AK15 028,2015,22312,AHY,F,,Nesting,0,0,0,0,0,0,0,0,0,,,
EMGO AK15 029,2015,22295,AHY,F,1714,Nesting,1,1,1,0,0,0,0,0,0,MW960929,,
EMGO AK15 030,2015,22298,AHY,F,1483,Nesting,1,1,1,0,0,0,0,0,0,MW960930,,
EMGO AK15 031,2015,22240,AHY,F,1651,Nesting,1,0,0,0,0,0,0,0,0,MW960875,,
EMGO AK15 032,2015,22343,AHY,F,1791,Nesting,0,0,0,0,0,0,0,0,0,,,
EMGO AK15 033,2015,22326,AHY,F,1599,Nesting,0,0,0,0,0,0,0,0,0,,,
EMGO AK15 034,2015,22296,AHY,F,1729,Nesting,1,1,1,0,0,0,0,0,0,MW960931,,
EMGO AK15 035,2015,22263,AHY,F,1680,Nesting,0,0,0,0,0,0,0,0,0,,,
EMGO AK15 036,2015,22133,AHY,F,1552,Nesting,0,0,0,0,0,0,0,0,0,,,
EMGO AK15 037,2015,79361,AHY,F,1878,Nesting,0,0,0,0,0,0,0,0,0,,,
EMGO AK15 038,2015,22284,AHY,F,,Nesting,0,0,0,0,0,0,0,0,0,,,
EMGO AK15 039,2015,78712,AHY,F,2039,Nesting,0,0,0,0,0,0,0,0,0,,,
EMGO AK15 040,2015,79285,AHY,F,1902,Nesting,0,0,0,0,0,0,0,0,0,,,
EMGO AK15 041,2015,22261,AHY,F,1845,Nesting,0,0,0,0,0,0,0,0,0,,,
EMGO AK15 042,2015,78791,AHY,F,1855,Nesting,1,1,1,0,0,0,0,0,0,MW960932,,
EMGO AK15 043,2015,22112,AHY,F,1671,Nesting,0,0,0,0,0,0,0,0,0,,,
EMGO AK15 044,2015,22146,AHY,F,1762,Nesting,0,0,0,0,0,0,0,0,0,,,
EMGO AK15 045,2015,79208,AHY,F,1952,Nesting,0,0,0,0,0,0,0,0,0,,,
EMGO AK15 046,2015,22320,AHY,F,,Nesting,0,0,0,0,0,0,0,0,0,,,
EMGO AK15 047,2015,79253,AHY,F,1782,Nesting,0,0,0,0,0,0,0,0,0,,,
EMGO AK15 048,2015,22262,AHY,F,2074,Nesting,0,0,0,0,0,0,0,0,0,,,
EMGO AK15 049,2015,79348,AHY,F,1787,Nesting,0,1,1,0,0,0,0,0,0,MW960820,,
EMGO AK15 050,2015,22304,AHY,F,1554,Nesting,0,1,1,0,0,0,0,0,0,MW960821,,
EMGO AK15 051,2015,22275,AHY,F,2014,Nesting,0,0,0,0,0,0,0,0,0,,,
EMGO AK15 052,2015,22349,AHY,F,1605,Nesting,0,1,0,0,0,0,0,0,0,MW960830,,
EMGO AK15 053,2015,22347,AHY,F,1515,Nesting,0,0,0,0,0,0,0,0,0,,,
EMGO AK15 054,2015,22279,AHY,F,1802,Nesting,0,0,0,0,0,0,0,0,0,,,
EMGO AK15 055,2015,22277,AHY,F,1447,Nesting,1,1,1,0,0,0,0,0,0,MW960933,,
EMGO AK15 056,2015,22308,AHY,F,1777,Nesting,0,1,0,0,0,0,0,0,0,MW960934,,
EMGO AK15 057,2015,78297,AHY,F,1693,Nesting,0,0,0,0,0,0,0,0,0,,,
EMGO AK15 058,2015,22281,AHY,F,,Nesting,0,0,0,0,0,0,0,0,0,,,
EMGO AK15 059,2015,22321,AHY,F,1715,Nesting,0,0,0,0,0,0,0,0,0,,,
EMGO AK15 060,2015,22311,AHY,F,,Nesting,1,1,1,0,0,0,0,0,0,MW960935,,
EMGO AK15 061,2015,22325,AHY,F,1762,Nesting,0,0,0,0,0,0,0,0,0,,,
EMGO AK15 062,2015,22332,AHY,F,1565,Nesting,0,0,0,0,0,0,0,0,0,,,
EMGO AK15 063,2015,22274,AHY,F,1632,Nesting,0,0,0,0,0,0,0,0,0,,,
EMGO AK15 064,2015,22276,AHY,F,1685,Nesting,1,1,1,0,0,0,0,0,0,MW960936,,
EMGO AK15 065,2015,22278,AHY,F,1878,Nesting,1,1,1,0,0,0,0,0,0,MW960937,,
EMGO AK15 066,2015,22128,AHY,F,1667,Nesting,1,1,1,0,0,0,0,0,0,MW960876,,
EMGO AK15 067,2015,22338,AHY,F,1642,Nesting,0,1,0,0,0,0,0,0,0,MW960822,,
EMGO AK15 068,2015,78715,AHY,F,1511,Nesting,1,1,1,0,0,0,0,0,0,MW885255,,
EMGO AK15 069,2015,22273,AHY,F,1640,Nesting,0,0,0,0,0,0,0,0,0,,,
EMGO AK15 070,2015,22282,AHY,F,,Nesting,0,0,0,0,0,0,0,0,0,,,
EMGO AK15 071,2015,22305,AHY,F,1848,Nesting,0,0,0,0,0,0,0,0,0,,,
EMGO AK15 072,2015,79102,AHY,F,1911,Nesting,0,0,0,0,0,0,0,0,0,,,
EMGO AK15 073,2015,22344,AHY,F,1713,Nesting,0,0,0,0,0,0,0,0,0,,,
EMGO AK15 074,2015,79287,AHY,F,1672,Nesting,0,0,0,0,0,0,0,0,0,,,
EMGO AK15 075,2015,79324,AHY,F,1649,Nesting,0,0,0,0,0,0,0,0,0,,,
EMGO AK15 076,2015,79356,AHY,F,1670,Nesting,1,0,0,0,0,0,0,0,0,MW960938,,
EMGO AK15 077,2015,22346,AHY,F,1612,Nesting,1,0,0,0,0,0,0,0,0,MW960939,,
EMGO AK15 078,2015,22336,AHY,F,1945,Nesting,0,0,0,0,0,0,0,0,0,,,
EMGO AK15 079,2015,22303,AHY,F,1751,Nesting,1,1,1,0,0,0,0,0,0,MW885252,,
EMGO AK15 080,2015,22348,AHY,F,1651,Nesting,0,0,0,0,0,0,0,0,0,,,
EMGO AK15 081,2015,79339,AHY,F,1823,Nesting,0,0,0,0,0,0,0,0,0,,,
EMGO AK15 082,2015,79227,AHY,F,1574,Nesting,0,0,0,0,0,0,0,0,0,,,
EMGO AK15 083,2015,22340,AHY,F,1667,Nesting,0,1,0,0,0,0,0,0,0,MW960940,,
EMGO AK15 084,2015,78716,AHY,F,1564,Nesting,0,0,1,0,0,0,0,0,0,MW960941,,
EMGO AK15 085,2015,22342,AHY,F,1865,Nesting,0,0,0,0,0,0,0,0,0,,,
EMGO AK15 086,2015,22323,AHY,F,1630,Nesting,1,1,1,0,0,0,0,0,0,"MW960877, MW960942",,
EMGO AK15 087,2015,22324,AHY,F,1717,Nesting,0,0,0,0,0,0,0,0,0,,,
EMGO AK15 088,2015,22309,AHY,F,1948,Nesting,1,1,1,0,0,0,0,0,0,"MW960878, MW960943",,
EMGO AK15 089,2015,10292,AHY,F,1911,Nesting,0,0,0,0,0,0,0,0,0,,,
EMGO AK15 090,2015,22341,AHY,F,1744,Nesting,0,0,0,0,0,0,0,0,0,,,
EMGO AK15 091,2015,22307,AHY,F,1615,Nesting,0,0,1,0,0,0,0,0,0,MW960944,,
EMGO AK15 092,2015,78725,AHY,F,1819,Nesting,0,0,0,0,0,0,0,0,0,,,
EMGO AK15 093,2015,22280,AHY,F,1730,Nesting,0,0,0,0,0,0,0,0,0,,,
EMGO AK15 094,2015,22310,AHY,F,1823,Nesting,1,1,1,0,0,0,0,0,0,"MW960879, MW960945",,
EMGO AK15 095,2015,22345,AHY,F,2195,Nesting,1,0,0,0,0,0,0,0,0,MW960946,,
EMGO AK15 096,2015,22322,AHY,F,1536,Nesting,1,1,1,0,0,0,0,0,0,MW960880,,
EMGO AK15 097,2015,22339,AHY,F,1708,Nesting,0,0,0,0,0,0,0,0,0,,,
EMGO AK15 098,2015,22182,AHY,F,1667,Nesting,0,0,0,0,0,0,0,0,0,,,
EMGO AK15 099,2015,22331,AHY,F,1870,Nesting,0,0,0,0,0,0,0,0,0,,,
EMGO AK16 001,2016,22279,AHY,F,1810,Nesting,0,0,0,0,0,0,0,0,0,,,
EMGO AK16 002,2016,79348,AHY,F,1810,Nesting,0,1,0,0,0,0,0,0,0,MW960823,,
EMGO AK16 003,2016,79399,AHY,F,1521,Nesting,0,1,1,0,0,0,0,0,0,MW960824,,
EMGO AK16 004,2016,22277,AHY,F,1444,Nesting,0,1,0,0,0,0,0,0,0,MW960947,,
EMGO AK16 005,2016,22305,AHY,F,1818,Nesting,0,0,0,0,0,0,0,0,0,,,
EMGO AK16 006,2016,79213,AHY,F,1647,Nesting,0,0,0,0,0,0,0,0,0,,,
EMGO AK16 007,2016,79317,AHY,F,2043,Nesting,0,0,0,0,0,0,0,0,0,,,
EMGO AK16 008,2016,79285,AHY,F,1833,Nesting,0,0,0,0,0,0,0,0,0,,,
EMGO AK16 009,2016,22291,AHY,F,1640,Nesting,0,0,0,0,0,0,0,0,0,,,
EMGO AK16 010,2016,26969,AHY,F,1912,Nesting,0,0,0,0,0,0,0,0,0,,,
EMGO AK16 011,2016,78172,AHY,F,,Nesting,0,0,0,0,0,0,0,0,0,,,
EMGO AK16 012,2016,79330,AHY,F,1735,Nesting,0,0,0,0,0,0,0,0,0,,,
EMGO AK16 013,2016,78882,AHY,F,1704,Nesting,0,0,0,0,0,0,0,0,0,,,
EMGO AK16 014,2016,22301,AHY,F,1595,Nesting,1,1,1,0,0,0,0,0,0,MW960948,,
EMGO AK16 015,2016,22261,AHY,F,1753,Nesting,0,0,0,0,0,0,0,0,0,,,
EMGO AK16 016,2016,22341,AHY,F,1875,Nesting,0,0,0,0,0,0,0,0,0,,,
EMGO AK16 017,2016,79339,AHY,F,1875,Nesting,0,0,0,0,0,0,0,0,0,,,
EMGO AK16 018,2016,22306,AHY,F,1399,Nesting,0,1,1,0,0,0,0,0,0,MW960881,,
EMGO AK16 019,2016,22282,AHY,F,1622,Nesting,0,1,1,0,0,0,0,0,0,MW885254,,
EMGO AK16 020,2016,78791,AHY,F,1753,Nesting,0,1,1,0,0,0,0,0,0,MW960949,,
EMGO AK16 021,2016,22340,AHY,F,1591,Nesting,0,0,0,0,0,0,0,0,0,,,
EMGO AK16 022,2016,79203,AHY,F,1593,Nesting,0,1,1,0,0,0,0,0,0,MW960950,,
EMGO AK16 023,2016,22262,AHY,F,2225,Nesting,0,0,0,0,0,0,0,0,0,,,
EMGO AK16 024,2016,78297,AHY,F,1786,Nesting,0,1,1,0,0,0,0,0,0,MW960882,,
EMGO AK16 025,2016,22274,AHY,F,1572,Nesting,0,0,0,0,0,0,0,0,0,,,
EMGO AK16 026,2016,22345,AHY,F,2146,Nesting,0,1,1,0,0,0,0,0,0,MW960825,,
EMGO AK16 027,2016,22326,AHY,F,1680,Nesting,0,0,1,0,0,0,0,0,0,MW960951,,
EMGO AK16 028,2016,22276,AHY,F,1591,Nesting,0,1,1,0,0,0,0,0,0,MW960952,,
EMGO AK16 029,2016,78725,AHY,F,1805,Nesting,0,0,0,0,0,0,0,0,0,,,
EMGO AK16 030,2016,22107,AHY,F,1972,Nesting,0,1,1,0,0,0,0,0,0,MW960883,,
EMGO AK16 031,2016,22141,AHY,F,1497,Nesting,0,0,0,0,0,0,0,0,0,,,
EMGO AK16 032,2016,22303,AHY,F,1669,Nesting,1,1,1,0,0,0,0,0,0,MW960782,,
EMGO AK16 033,2016,22297,AHY,F,1852,Nesting,0,0,0,0,0,0,0,0,0,,,
EMGO AK16 034,2016,79205,AHY,F,2080,Nesting,0,0,0,0,0,0,0,0,0,,,
EMGO AK16 035,2016,22284,AHY,F,1844,Nesting,0,0,0,0,0,0,0,0,0,,,
EMGO AK16 036,2016,79208,AHY,F,1632,Nesting,0,0,0,0,0,0,0,0,0,,,
EMGO AK16 037,2016,23702,AHY,F,1578,Nesting,0,0,0,0,0,0,0,0,0,,,
EMGO AK16 038,2016,23704,AHY,F,1514,Nesting,0,0,0,0,0,0,0,0,0,,,
EMGO AK16 039,2016,22127,AHY,F,1733,Nesting,1,1,1,0,0,0,0,0,0,"MW885267, MW960831",,
EMGO AK16 040,2016,79318,AHY,F,1806,Nesting,0,0,0,0,0,0,0,0,0,,,
EMGO AK16 041,2016,22310,AHY,F,1633,Nesting,1,1,1,0,0,0,0,0,0,"MW960884, MW960953",,
EMGO AK16 042,2016,22105,AHY,F,1870,Nesting,1,1,1,0,0,0,0,0,0,"MW960885, MW960954",,
EMGO AK16 043,2016,79265,AHY,F,2062,Nesting,0,0,0,0,0,0,0,0,0,,,
EMGO AK16 044,2016,79102,AHY,F,1845,Nesting,0,0,0,0,0,0,0,0,0,,,
EMGO AK16 045,2016,79325,AHY,F,1737,Nesting,0,0,0,0,0,0,0,0,0,,,
EMGO AK16 046,2016,78760,AHY,F,1722,Nesting,0,0,0,0,0,0,0,0,0,,,
EMGO AK16 047,2016,,AHY,F,,Nesting,0,0,0,0,0,0,0,0,0,,,
EMGO AK16 048,2016,79258,AHY,F,,Nesting,0,0,0,0,0,0,0,0,0,,,
EMGO AK16 049,2016,22321,AHY,F,1768,Nesting,0,0,0,0,0,0,0,0,0,,,
EMGO AK16 050,2016,23701,AHY,F,1589,Nesting,0,0,0,0,0,0,0,0,0,,,
EMGO AK16 051,2016,79340,AHY,F,1588,Nesting,0,0,0,0,0,0,0,0,0,,,
EMGO AK16 052,2016,22346,AHY,F,1665,Nesting,0,0,0,0,0,0,0,0,0,,,
EMGO AK16 053,2016,22104,AHY,F,1525,Nesting,1,1,1,0,0,0,0,0,0,MW960886,,
EMGO AK16 054,2016,79356,AHY,F,1814,Nesting,0,0,0,0,0,0,0,0,0,,,
EMGO AK16 055,2016,22114,AHY,F,1613,Nesting,0,0,0,0,0,0,0,0,0,,,
EMGO AK16 056,2016,22182,AHY,F,1452,Nesting,0,0,0,0,0,0,0,0,0,,,
EMGO AK16 057,2016,23703,AHY,F,,Nesting,0,0,0,0,0,0,0,0,0,,,
